Observation,Column(Channel),Section(16hole channel top),Row(Hole#),Level(t1-t5),Density,Weight Grams,PPFD,Spectrum,,,,,,,,,,,,,notes
1,a,I.,1,t1,,,,illumitex,,,,,,,,,,,,,"1.5"" cut"
2,a,I.,2,t1,,,,illumitex,,,,,,,,,,,,,
3,a,I.,3,t1,,,,illumitex,,,,,2 Illumitex,,,,,,,,
4,a,I.,4,t1,,,,illumitex,,,,1,213,201,181,234,233,,,,
5,a,I.,5,t1,,,,illumitex,,,,2,223,222,201,256,272,,,,
6,a,I.,6,t1,,,,illumitex,,,,3,240,230,207,264,284,,,,
7,a,I.,7,t1,,,,illumitex,,,,4,248,223,201,253,271,,,,
8,a,I.,8,t1,11,3,,illumitex,,,,5,253,225,200,244,257,,,,
9,a,I.,9,t1,,,,illumitex,,,,6,253,232,200,248,264,,,,
10,a,I.,10,t1,,,,illumitex,,,,7,228,223,185,223,248,,,,
11,a,I.,11,t1,,,,illumitex,,,,8,123,113,118,120,133,,,,
12,a,I.,12,t1,,,,illumitex,,,,,a,b,c,d,e,,,,
13,a,I.,13,t1,,,,illumitex,,,,,,,,,,,,,
14,a,I.,14,t1,,,,illumitex,,,,,2 Ill. + 1 Fluence,,,,,,,,
15,a,I.,15,t1,,,,illumitex,,,,1,273,427,369,403,314,,,,
16,a,I.,16,t1,,,,illumitex,,,,2,311,508,471,460,352,,,,
17,a,II.,1,t1,,,,illumitex,,,,3,344,560,522,497,389,,,,
18,a,II.,2,t1,,,,illumitex,,,,4,345,556,531,503,398,,,,
19,a,II.,3,t1,9,1,,illumitex,,,,5,343,534,533,510,413,,,,
20,a,II.,4,t1,,,,illumitex,,,,6,342,540,528,518,426,,,,
21,a,II.,5,t1,,,,illumitex,,,,7,339,493,495,487,409,,,,
22,a,II.,6,t1,,,,illumitex,,,,8,284,409,413,414,355,,,,
23,a,II.,7,t1,,,,illumitex,,,,,a,b,c,d,e,,,,
24,a,II.,8,t1,,,,illumitex,,,,,,,,,,,,,
25,a,II.,9,t1,,,,illumitex,,,,,,,,,,,,,
26,a,II.,10,t1,,,,illumitex,,,,,,,,,,,,,
27,a,II.,11,t1,,,,illumitex,,,,,,,,,,,,,
28,a,II.,12,t1,,,,illumitex,,,,,,,,,,,,,
29,a,II.,13,t1,,,,illumitex,,,,,,,,,,,,,
30,a,II.,14,t1,,,,illumitex,,,,,,,,,,,,,
31,a,II.,15,t1,8,3,,illumitex,,,,,,,,,,,,,
32,a,II.,16,t1,,,,illumitex,,,,,,,,,,,,,
33,a,III.,1,t1,,,,illumitex,,,,,,,,,,,,,
34,a,III.,2,t1,3,5,,illumitex,,,,,,,,,,,,,
35,a,III.,3,t1,,,,illumitex,,,,,,,,,,,,,
36,a,III.,4,t1,,,,illumitex,,,,,,,,,,,,,
37,a,III.,5,t1,,,,illumitex,,,,,,,,,,,,,
38,a,III.,6,t1,,,,illumitex,,,,,,,,,,,,,
39,a,III.,7,t1,,,,illumitex,,,,,,,,,,,,,
40,a,III.,8,t1,6,3,,illumitex,,,,,,,,,,,,,
41,a,III.,9,t1,,,,illumitex,,,,,,,,,,,,,
42,a,III.,10,t1,,,,illumitex,,,,,,,,,,,,,
43,a,III.,11,t1,6,9,,illumitex,,,,,,,,,,,,,
44,a,III.,12,t1,,,,illumitex,,,,,,,,,,,,,
45,a,III.,13,t1,,,,illumitex,,,,,,,,,,,,,
46,a,III.,14,t1,,,,illumitex,,,,,,,,,,,,,
47,a,III.,15,t1,,,,illumitex,,,,,,,,,,,,,
48,a,III.,16,t1,,,,illumitex,,,,,,,,,,,,,
49,b,I.,1,t1,,,,illumitex,,,,,,,,,,,,,
50,b,I.,2,t1,,,,illumitex,,,,,,,,,,,,,
51,b,I.,3,t1,,,,illumitex,,,,,,,,,,,,,
52,b,I.,4,t1,,,,illumitex,,,,,,,,,,,,,
53,b,I.,5,t1,,,,illumitex,,,,,,,,,,,,,
54,b,I.,6,t1,,,,illumitex,,,,,,,,,,,,,
55,b,I.,7,t1,,,,illumitex,,,,,,,,,,,,,
56,b,I.,8,t1,,,,illumitex,,,,,,,,,,,,,
57,b,I.,9,t1,,,,illumitex,,,,,,,,,,,,,
58,b,I.,10,t1,,,,illumitex,,,,,,,,,,,,,
59,b,I.,11,t1,,,,illumitex,,,,,,,,,,,,,
60,b,I.,12,t1,,,,illumitex,,,,,,,,,,,,,
61,b,I.,13,t1,,,,illumitex,,,,,,,,,,,,,
62,b,I.,14,t1,,,,illumitex,,,,,,,,,,,,,
63,b,I.,15,t1,,,,illumitex,,,,,,,,,,,,,
64,b,I.,16,t1,,,,illumitex,,,,,,,,,,,,,
65,b,II.,1,t1,,,,illumitex,,,,,,,,,,,,,
66,b,II.,2,t1,,,,illumitex,,,,,,,,,,,,,
67,b,II.,3,t1,3,2,,illumitex,,,,,,,,,,,,,
68,b,II.,4,t1,,,,illumitex,,,,,,,,,,,,,
69,b,II.,5,t1,,,,illumitex,,,,,,,,,,,,,
70,b,II.,6,t1,,,,illumitex,,,,,,,,,,,,,
71,b,II.,7,t1,,,,illumitex,,,,,,,,,,,,,
72,b,II.,8,t1,,,,illumitex,,,,,,,,,,,,,
73,b,II.,9,t1,1,0.5,,illumitex,,,,,,,,,,,,,
74,b,II.,10,t1,,,,illumitex,,,,,,,,,,,,,
75,b,II.,11,t1,,,,illumitex,,,,,,,,,,,,,
76,b,II.,12,t1,,,,illumitex,,,,,,,,,,,,,
77,b,II.,13,t1,,,,illumitex,,,,,,,,,,,,,
78,b,II.,14,t1,,,,illumitex,,,,,,,,,,,,,
79,b,II.,15,t1,,,,illumitex,,,,,,,,,,,,,
80,b,II.,16,t1,,,,illumitex,,,,,,,,,,,,,
81,b,III.,1,t1,,,,illumitex,,,,,,,,,,,,,
82,b,III.,2,t1,2,2,,illumitex,,,,,,,,,,,,,
83,b,III.,3,t1,,,,illumitex,,,,,,,,,,,,,
84,b,III.,4,t1,,,,illumitex,,,,,,,,,,,,,
85,b,III.,5,t1,,,,illumitex,,,,,,,,,,,,,
86,b,III.,6,t1,,,,illumitex,,,,,,,,,,,,,
87,b,III.,7,t1,,,,illumitex,,,,,,,,,,,,,
88,b,III.,8,t1,,,,illumitex,,,,,,,,,,,,,
89,b,III.,9,t1,,,,illumitex,,,,,,,,,,,,,
90,b,III.,10,t1,,,,illumitex,,,,,,,,,,,,,
91,b,III.,11,t1,,,,illumitex,,,,,,,,,,,,,
92,b,III.,12,t1,,,,illumitex,,,,,,,,,,,,,
93,b,III.,13,t1,,,,illumitex,,,,,,,,,,,,,
94,b,III.,14,t1,,,,illumitex,,,,,,,,,,,,,
95,b,III.,15,t1,,,,illumitex,,,,,,,,,,,,,
96,b,III.,16,t1,,,,illumitex,,,,,,,,,,,,,
97,c,I.,1,t1,,,,illumitex,,,,,,,,,,,,,
98,c,I.,2,t1,,,,illumitex,,,,,,,,,,,,,
99,c,I.,3,t1,,,,illumitex,,,,,,,,,,,,,
100,c,I.,4,t1,,,,illumitex,,,,,,,,,,,,,
101,c,I.,5,t1,,,,illumitex,,,,,,,,,,,,,
102,c,I.,6,t1,,,,illumitex,,,,,,,,,,,,,
103,c,I.,7,t1,,,,illumitex,,,,,,,,,,,,,
104,c,I.,8,t1,,,,illumitex,,,,,,,,,,,,,
105,c,I.,9,t1,,,,illumitex,,,,,,,,,,,,,
106,c,I.,10,t1,,,,illumitex,,,,,,,,,,,,,
107,c,I.,11,t1,,,,illumitex,,,,,,,,,,,,,
108,c,I.,12,t1,,,,illumitex,,,,,,,,,,,,,
109,c,I.,13,t1,,,,illumitex,,,,,,,,,,,,,
110,c,I.,14,t1,,,,illumitex,,,,,,,,,,,,,
111,c,I.,15,t1,,,,illumitex,,,,,,,,,,,,,
112,c,I.,16,t1,,,,illumitex,,,,,,,,,,,,,
113,c,II.,1,t1,,,,illumitex,,,,,,,,,,,,,
114,c,II.,2,t1,,,,illumitex,,,,,,,,,,,,,
115,c,II.,3,t1,,,,illumitex,,,,,,,,,,,,,
116,c,II.,4,t1,,,,illumitex,,,,,,,,,,,,,
117,c,II.,5,t1,,,,illumitex,,,,,,,,,,,,,
118,c,II.,6,t1,,,,illumitex,,,,,,,,,,,,,
119,c,II.,7,t1,7,3,,illumitex,,,,,,,,,,,,,
120,c,II.,8,t1,,,,illumitex,,,,,,,,,,,,,
121,c,II.,9,t1,,,,illumitex,,,,,,,,,,,,,
122,c,II.,10,t1,,,,illumitex,,,,,,,,,,,,,
123,c,II.,11,t1,,,,illumitex,,,,,,,,,,,,,
124,c,II.,12,t1,,,,illumitex,,,,,,,,,,,,,
125,c,II.,13,t1,,,,illumitex,,,,,,,,,,,,,
126,c,II.,14,t1,,,,illumitex,,,,,,,,,,,,,
127,c,II.,15,t1,,,,illumitex,,,,,,,,,,,,,
128,c,II.,16,t1,,,,illumitex,,,,,,,,,,,,,
129,c,III.,1,t1,,,,illumitex,,,,,,,,,,,,,
130,c,III.,2,t1,,,,illumitex,,,,,,,,,,,,,
131,c,III.,3,t1,,,,illumitex,,,,,,,,,,,,,
132,c,III.,4,t1,,,,illumitex,,,,,,,,,,,,,
133,c,III.,5,t1,,,,illumitex,,,,,,,,,,,,,
134,c,III.,6,t1,,,,illumitex,,,,,,,,,,,,,
135,c,III.,7,t1,,,,illumitex,,,,,,,,,,,,,
136,c,III.,8,t1,,,,illumitex,,,,,,,,,,,,,
137,c,III.,9,t1,,,,illumitex,,,,,,,,,,,,,
138,c,III.,10,t1,,,,illumitex,,,,,,,,,,,,,
139,c,III.,11,t1,,,,illumitex,,,,,,,,,,,,,
140,c,III.,12,t1,,,,illumitex,,,,,,,,,,,,,
141,c,III.,13,t1,,,,illumitex,,,,,,,,,,,,,
142,c,III.,14,t1,,,,illumitex,,,,,,,,,,,,,
143,c,III.,15,t1,,,,illumitex,,,,,,,,,,,,,
144,c,III.,16,t1,,,,illumitex,,,,,,,,,,,,,
145,d,I.,1,t1,,,,illumitex,,,,,,,,,,,,,
146,d,I.,2,t1,,,,illumitex,,,,,,,,,,,,,
147,d,I.,3,t1,,,,illumitex,,,,,,,,,,,,,
148,d,I.,4,t1,,,,illumitex,,,,,,,,,,,,,
149,d,I.,5,t1,,,,illumitex,,,,,,,,,,,,,
150,d,I.,6,t1,15,4,,illumitex,,,,,,,,,,,,,
151,d,I.,7,t1,10,5,,illumitex,,,,,,,,,,,,,
152,d,I.,8,t1,,,,illumitex,,,,,,,,,,,,,
153,d,I.,9,t1,,,,illumitex,,,,,,,,,,,,,
154,d,I.,10,t1,,,,illumitex,,,,,,,,,,,,,
155,d,I.,11,t1,,,,illumitex,,,,,,,,,,,,,
156,d,I.,12,t1,,,,illumitex,,,,,,,,,,,,,
157,d,I.,13,t1,,,,illumitex,,,,,,,,,,,,,
158,d,I.,14,t1,,,,illumitex,,,,,,,,,,,,,
159,d,I.,15,t1,,,,illumitex,,,,,,,,,,,,,
160,d,I.,16,t1,,,,illumitex,,,,,,,,,,,,,
161,d,II.,1,t1,,,,illumitex,,,,,,,,,,,,,
162,d,II.,2,t1,,,,illumitex,,,,,,,,,,,,,
163,d,II.,3,t1,,,,illumitex,,,,,,,,,,,,,
164,d,II.,4,t1,,,,illumitex,,,,,,,,,,,,,
165,d,II.,5,t1,,,,illumitex,,,,,,,,,,,,,
166,d,II.,6,t1,,,,illumitex,,,,,,,,,,,,,
167,d,II.,7,t1,,,,illumitex,,,,,,,,,,,,,
168,d,II.,8,t1,,,,illumitex,,,,,,,,,,,,,
169,d,II.,9,t1,,,,illumitex,,,,,,,,,,,,,
170,d,II.,10,t1,,,,illumitex,,,,,,,,,,,,,
171,d,II.,11,t1,,,,illumitex,,,,,,,,,,,,,
172,d,II.,12,t1,,,,illumitex,,,,,,,,,,,,,
173,d,II.,13,t1,,,,illumitex,,,,,,,,,,,,,
174,d,II.,14,t1,,,,illumitex,,,,,,,,,,,,,
175,d,II.,15,t1,,,,illumitex,,,,,,,,,,,,,
176,d,II.,16,t1,,,,illumitex,,,,,,,,,,,,,
177,d,III.,1,t1,,,,illumitex,,,,,,,,,,,,,
178,d,III.,2,t1,,,,illumitex,,,,,,,,,,,,,
179,d,III.,3,t1,,,,illumitex,,,,,,,,,,,,,
180,d,III.,4,t1,,,,illumitex,,,,,,,,,,,,,
181,d,III.,5,t1,,,,illumitex,,,,,,,,,,,,,
182,d,III.,6,t1,,,,illumitex,,,,,,,,,,,,,
183,d,III.,7,t1,,,,illumitex,,,,,,,,,,,,,
184,d,III.,8,t1,,,,illumitex,,,,,,,,,,,,,
185,d,III.,9,t1,,,,illumitex,,,,,,,,,,,,,
186,d,III.,10,t1,,,,illumitex,,,,,,,,,,,,,
187,d,III.,11,t1,,,,illumitex,,,,,,,,,,,,,
188,d,III.,12,t1,,,,illumitex,,,,,,,,,,,,,
189,d,III.,13,t1,,,,illumitex,,,,,,,,,,,,,
190,d,III.,14,t1,,,,illumitex,,,,,,,,,,,,,
191,d,III.,15,t1,,,,illumitex,,,,,,,,,,,,,
192,d,III.,16,t1,,,,illumitex,,,,,,,,,,,,,
193,e,I.,1,t1,,,,illumitex,,,,,,,,,,,,,
194,e,I.,2,t1,,,,illumitex,,,,,,,,,,,,,
195,e,I.,3,t1,,,,illumitex,,,,,,,,,,,,,
196,e,I.,4,t1,,,,illumitex,,,,,,,,,,,,,
197,e,I.,5,t1,,,,illumitex,,,,,,,,,,,,,
198,e,I.,6,t1,,,,illumitex,,,,,,,,,,,,,
199,e,I.,7,t1,,,,illumitex,,,,,,,,,,,,,
200,e,I.,8,t1,,,,illumitex,,,,,,,,,,,,,
201,e,I.,9,t1,,,,illumitex,,,,,,,,,,,,,
202,e,I.,10,t1,,,,illumitex,,,,,,,,,,,,,
203,e,I.,11,t1,,,,illumitex,,,,,,,,,,,,,
204,e,I.,12,t1,,,,illumitex,,,,,,,,,,,,,
205,e,I.,13,t1,7,4,,illumitex,,,,,,,,,,,,,
206,e,I.,14,t1,6,3,,illumitex,,,,,,,,,,,,,
207,e,I.,15,t1,,,,illumitex,,,,,,,,,,,,,
208,e,I.,16,t1,11,3,,illumitex,,,,,,,,,,,,,
209,e,II.,1,t1,,,,illumitex,,,,,,,,,,,,,
210,e,II.,2,t1,,,,illumitex,,,,,,,,,,,,,
211,e,II.,3,t1,,,,illumitex,,,,,,,,,,,,,
212,e,II.,4,t1,,,,illumitex,,,,,,,,,,,,,
213,e,II.,5,t1,,,,illumitex,,,,,,,,,,,,,
214,e,II.,6,t1,,,,illumitex,,,,,,,,,,,,,
215,e,II.,7,t1,,,,illumitex,,,,,,,,,,,,,
216,e,II.,8,t1,,,,illumitex,,,,,,,,,,,,,
217,e,II.,9,t1,,,,illumitex,,,,,,,,,,,,,
218,e,II.,10,t1,,,,illumitex,,,,,,,,,,,,,
219,e,II.,11,t1,,,,illumitex,,,,,,,,,,,,,
220,e,II.,12,t1,,,,illumitex,,,,,,,,,,,,,
221,e,II.,13,t1,,,,illumitex,,,,,,,,,,,,,
222,e,II.,14,t1,,,,illumitex,,,,,,,,,,,,,
223,e,II.,15,t1,,,,illumitex,,,,,,,,,,,,,
224,e,II.,16,t1,,,,illumitex,,,,,,,,,,,,,
225,e,III.,1,t1,,,,illumitex,,,,,,,,,,,,,
226,e,III.,2,t1,,,,illumitex,,,,,,,,,,,,,
227,e,III.,3,t1,,,,illumitex,,,,,,,,,,,,,
228,e,III.,4,t1,,,,illumitex,,,,,,,,,,,,,
229,e,III.,5,t1,,,,illumitex,,,,,,,,,,,,,
230,e,III.,6,t1,4,3,,illumitex,,,,,,,,,,,,,
231,e,III.,7,t1,,,,illumitex,,,,,,,,,,,,,
232,e,III.,8,t1,,,,illumitex,,,,,,,,,,,,,
233,e,III.,9,t1,,,,illumitex,,,,,,,,,,,,,
234,e,III.,10,t1,,,,illumitex,,,,,,,,,,,,,
235,e,III.,11,t1,,,,illumitex,,,,,,,,,,,,,
236,e,III.,12,t1,,,,illumitex,,,,,,,,,,,,,
237,e,III.,13,t1,,,,illumitex,,,,,,,,,,,,,
238,e,III.,14,t1,,,,illumitex,,,,,,,,,,,,,
239,e,III.,15,t1,,,,illumitex,,,,,,,,,,,,,
240,e,III.,16,t1,,,,illumitex,,,,,,,,,,,,,
241,a,I.,1,t2,,,,illumitex,,,,,,,,,,,,,
242,a,I.,2,t2,,,,illumitex,,,,,,,,,,,,,
243,a,I.,3,t2,,,,illumitex,,,,,,,,,,,,,
244,a,I.,4,t2,,,,illumitex,,,,,,,,,,,,,
245,a,I.,5,t2,,,,illumitex,,,,,,,,,,,,,
246,a,I.,6,t2,,,,illumitex,,,,,,,,,,,,,
247,a,I.,7,t2,,,,illumitex,,,,,,,,,,,,,
248,a,I.,8,t2,,,,illumitex,,,,,,,,,,,,,
249,a,I.,9,t2,,,,illumitex,,,,,,,,,,,,,
250,a,I.,10,t2,,,,illumitex,,,,,,,,,,,,,
251,a,I.,11,t2,,,,illumitex,,,,,,,,,,,,,
252,a,I.,12,t2,,,,illumitex,,,,,,,,,,,,,
253,a,I.,13,t2,,,,illumitex,,,,,,,,,,,,,
254,a,I.,14,t2,,,,illumitex,,,,,,,,,,,,,
255,a,I.,15,t2,,,,illumitex,,,,,,,,,,,,,
256,a,I.,16,t2,,,,illumitex,,,,,,,,,,,,,
257,a,II.,1,t2,,,,fluence,,,,,,,,,,,,,
258,a,II.,2,t2,,,,fluence,,,,,,,,,,,,,
259,a,II.,3,t2,,,,fluence,,,,,,,,,,,,,
260,a,II.,4,t2,,,,fluence,,,,,,,,,,,,,
261,a,II.,5,t2,,,,fluence,,,,,,,,,,,,,
262,a,II.,6,t2,,,,fluence,,,,,,,,,,,,,
263,a,II.,7,t2,,,,fluence,,,,,,,,,,,,,
264,a,II.,8,t2,6,4,,fluence,,,,,,,,,,,,,
265,a,II.,9,t2,,,,fluence,,,,,,,,,,,,,
266,a,II.,10,t2,,,,fluence,,,,,,,,,,,,,
267,a,II.,11,t2,11,5,,fluence,,,,,,,,,,,,,
268,a,II.,12,t2,,,,fluence,,,,,,,,,,,,,
269,a,II.,13,t2,,,,fluence,,,,,,,,,,,,,
270,a,II.,14,t2,,,,fluence,,,,,,,,,,,,,
271,a,II.,15,t2,,,,fluence,,,,,,,,,,,,,
272,a,II.,16,t2,,,,fluence,,,,,,,,,,,,,
273,a,III.,1,t2,,,,illumitex,,,,,,,,,,,,,
274,a,III.,2,t2,3,1,,illumitex,,,,,,,,,,,,,
275,a,III.,3,t2,,,,illumitex,,,,,,,,,,,,,
276,a,III.,4,t2,,,,illumitex,,,,,,,,,,,,,
277,a,III.,5,t2,,,,illumitex,,,,,,,,,,,,,
278,a,III.,6,t2,,,,illumitex,,,,,,,,,,,,,
279,a,III.,7,t2,,,,illumitex,,,,,,,,,,,,,
280,a,III.,8,t2,,,,illumitex,,,,,,,,,,,,,
281,a,III.,9,t2,8,6,,illumitex,,,,,,,,,,,,,
282,a,III.,10,t2,,,,illumitex,,,,,,,,,,,,,
283,a,III.,11,t2,,,,illumitex,,,,,,,,,,,,,
284,a,III.,12,t2,,,,illumitex,,,,,,,,,,,,,
285,a,III.,13,t2,1,1,,illumitex,,,,,,,,,,,,,
286,a,III.,14,t2,,,,illumitex,,,,,,,,,,,,,
287,a,III.,15,t2,,,,illumitex,,,,,,,,,,,,,
288,a,III.,16,t2,,,,illumitex,,,,,,,,,,,,,
289,b,I.,1,t2,,,,illumitex,,,,,,,,,,,,,
290,b,I.,2,t2,,,,illumitex,,,,,,,,,,,,,
291,b,I.,3,t2,,,,illumitex,,,,,,,,,,,,,
292,b,I.,4,t2,,,,illumitex,,,,,,,,,,,,,
293,b,I.,5,t2,,,,illumitex,,,,,,,,,,,,,
294,b,I.,6,t2,,,,illumitex,,,,,,,,,,,,,
295,b,I.,7,t2,,,,illumitex,,,,,,,,,,,,,
296,b,I.,8,t2,,,,illumitex,,,,,,,,,,,,,
297,b,I.,9,t2,,,,illumitex,,,,,,,,,,,,,
298,b,I.,10,t2,,,,illumitex,,,,,,,,,,,,,
299,b,I.,11,t2,,,,illumitex,,,,,,,,,,,,,
300,b,I.,12,t2,,,,illumitex,,,,,,,,,,,,,
301,b,I.,13,t2,,,,illumitex,,,,,,,,,,,,,
302,b,I.,14,t2,,,,illumitex,,,,,,,,,,,,,
303,b,I.,15,t2,,,,illumitex,,,,,,,,,,,,,
304,b,I.,16,t2,,,,illumitex,,,,,,,,,,,,,
305,b,II.,1,t2,,,,fluence,,,,,,,,,,,,,
306,b,II.,2,t2,,,,fluence,,,,,,,,,,,,,
307,b,II.,3,t2,,,,fluence,,,,,,,,,,,,,
308,b,II.,4,t2,,,,fluence,,,,,,,,,,,,,
309,b,II.,5,t2,,,,fluence,,,,,,,,,,,,,
310,b,II.,6,t2,,,,fluence,,,,,,,,,,,,,
311,b,II.,7,t2,,,,fluence,,,,,,,,,,,,,
312,b,II.,8,t2,,,,fluence,,,,,,,,,,,,,
313,b,II.,9,t2,,,,fluence,,,,,,,,,,,,,
314,b,II.,10,t2,,,,fluence,,,,,,,,,,,,,
315,b,II.,11,t2,,,,fluence,,,,,,,,,,,,,
316,b,II.,12,t2,,,,fluence,,,,,,,,,,,,,
317,b,II.,13,t2,,,,fluence,,,,,,,,,,,,,
318,b,II.,14,t2,,,,fluence,,,,,,,,,,,,,
319,b,II.,15,t2,,,,fluence,,,,,,,,,,,,,
320,b,II.,16,t2,,,,fluence,,,,,,,,,,,,,
321,b,III.,1,t2,,,,illumitex,,,,,,,,,,,,,
322,b,III.,2,t2,,,,illumitex,,,,,,,,,,,,,
323,b,III.,3,t2,,,,illumitex,,,,,,,,,,,,,
324,b,III.,4,t2,,,,illumitex,,,,,,,,,,,,,
325,b,III.,5,t2,,,,illumitex,,,,,,,,,,,,,
326,b,III.,6,t2,,,,illumitex,,,,,,,,,,,,,
327,b,III.,7,t2,,,,illumitex,,,,,,,,,,,,,
328,b,III.,8,t2,,,,illumitex,,,,,,,,,,,,,
329,b,III.,9,t2,,,,illumitex,,,,,,,,,,,,,
330,b,III.,10,t2,,,,illumitex,,,,,,,,,,,,,
331,b,III.,11,t2,,,,illumitex,,,,,,,,,,,,,
332,b,III.,12,t2,,,,illumitex,,,,,,,,,,,,,
333,b,III.,13,t2,,,,illumitex,,,,,,,,,,,,,
334,b,III.,14,t2,,,,illumitex,,,,,,,,,,,,,
335,b,III.,15,t2,,,,illumitex,,,,,,,,,,,,,
336,b,III.,16,t2,,,,illumitex,,,,,,,,,,,,,
337,c,I.,1,t2,,,,illumitex,,,,,,,,,,,,,
338,c,I.,2,t2,,,,illumitex,,,,,,,,,,,,,
339,c,I.,3,t2,,,,illumitex,,,,,,,,,,,,,
340,c,I.,4,t2,4,3,,illumitex,,,,,,,,,,,,,
341,c,I.,5,t2,,,,illumitex,,,,,,,,,,,,,
342,c,I.,6,t2,,,,illumitex,,,,,,,,,,,,,
343,c,I.,7,t2,,,,illumitex,,,,,,,,,,,,,
344,c,I.,8,t2,,,,illumitex,,,,,,,,,,,,,
345,c,I.,9,t2,,,,illumitex,,,,,,,,,,,,,
346,c,I.,10,t2,3,4,,illumitex,,,,,,,,,,,,,
347,c,I.,11,t2,,,,illumitex,,,,,,,,,,,,,
348,c,I.,12,t2,,,,illumitex,,,,,,,,,,,,,
349,c,I.,13,t2,,,,illumitex,,,,,,,,,,,,,
350,c,I.,14,t2,,,,illumitex,,,,,,,,,,,,,
351,c,I.,15,t2,,,,illumitex,,,,,,,,,,,,,
352,c,I.,16,t2,,,,illumitex,,,,,,,,,,,,,
353,c,II.,1,t2,,,,fluence,,,,,,,,,,,,,
354,c,II.,2,t2,,,,fluence,,,,,,,,,,,,,
355,c,II.,3,t2,,,,fluence,,,,,,,,,,,,,
356,c,II.,4,t2,,,,fluence,,,,,,,,,,,,,
357,c,II.,5,t2,,,,fluence,,,,,,,,,,,,,
358,c,II.,6,t2,,,,fluence,,,,,,,,,,,,,
359,c,II.,7,t2,,,,fluence,,,,,,,,,,,,,
360,c,II.,8,t2,,,,fluence,,,,,,,,,,,,,
361,c,II.,9,t2,,,,fluence,,,,,,,,,,,,,
362,c,II.,10,t2,,,,fluence,,,,,,,,,,,,,
363,c,II.,11,t2,,,,fluence,,,,,,,,,,,,,
364,c,II.,12,t2,,,,fluence,,,,,,,,,,,,,
365,c,II.,13,t2,,,,fluence,,,,,,,,,,,,,
366,c,II.,14,t2,,,,fluence,,,,,,,,,,,,,
367,c,II.,15,t2,,,,fluence,,,,,,,,,,,,,
368,c,II.,16,t2,,,,fluence,,,,,,,,,,,,,
369,c,III.,1,t2,13,11,,illumitex,,,,,,,,,,,,,
370,c,III.,2,t2,,,,illumitex,,,,,,,,,,,,,
371,c,III.,3,t2,,,,illumitex,,,,,,,,,,,,,
372,c,III.,4,t2,,,,illumitex,,,,,,,,,,,,,
373,c,III.,5,t2,,,,illumitex,,,,,,,,,,,,,
374,c,III.,6,t2,,,,illumitex,,,,,,,,,,,,,
375,c,III.,7,t2,,,,illumitex,,,,,,,,,,,,,
376,c,III.,8,t2,,,,illumitex,,,,,,,,,,,,,
377,c,III.,9,t2,,,,illumitex,,,,,,,,,,,,,
378,c,III.,10,t2,,,,illumitex,,,,,,,,,,,,,
379,c,III.,11,t2,8,7,,illumitex,,,,,,,,,,,,,
380,c,III.,12,t2,,,,illumitex,,,,,,,,,,,,,
381,c,III.,13,t2,,,,illumitex,,,,,,,,,,,,,
382,c,III.,14,t2,,,,illumitex,,,,,,,,,,,,,
383,c,III.,15,t2,,,,illumitex,,,,,,,,,,,,,
384,c,III.,16,t2,,,,illumitex,,,,,,,,,,,,,
385,d,I.,1,t2,,,,illumitex,,,,,,,,,,,,,
386,d,I.,2,t2,,,,illumitex,,,,,,,,,,,,,
387,d,I.,3,t2,,,,illumitex,,,,,,,,,,,,,
388,d,I.,4,t2,,,,illumitex,,,,,,,,,,,,,
389,d,I.,5,t2,,,,illumitex,,,,,,,,,,,,,
390,d,I.,6,t2,,,,illumitex,,,,,,,,,,,,,
391,d,I.,7,t2,,,,illumitex,,,,,,,,,,,,,
392,d,I.,8,t2,,,,illumitex,,,,,,,,,,,,,
393,d,I.,9,t2,9,2,,illumitex,,,,,,,,,,,,,
394,d,I.,10,t2,,,,illumitex,,,,,,,,,,,,,
395,d,I.,11,t2,,,,illumitex,,,,,,,,,,,,,
396,d,I.,12,t2,,,,illumitex,,,,,,,,,,,,,
397,d,I.,13,t2,,,,illumitex,,,,,,,,,,,,,
398,d,I.,14,t2,,,,illumitex,,,,,,,,,,,,,
399,d,I.,15,t2,,,,illumitex,,,,,,,,,,,,,
400,d,I.,16,t2,,,,illumitex,,,,,,,,,,,,,
401,d,II.,1,t2,1,0.5,,fluence,,,,,,,,,,,,,
402,d,II.,2,t2,,,,fluence,,,,,,,,,,,,,
403,d,II.,3,t2,,,,fluence,,,,,,,,,,,,,
404,d,II.,4,t2,,,,fluence,,,,,,,,,,,,,
405,d,II.,5,t2,,,,fluence,,,,,,,,,,,,,
406,d,II.,6,t2,,,,fluence,,,,,,,,,,,,,
407,d,II.,7,t2,,,,fluence,,,,,,,,,,,,,
408,d,II.,8,t2,,,,fluence,,,,,,,,,,,,,
409,d,II.,9,t2,,,,fluence,,,,,,,,,,,,,
410,d,II.,10,t2,,,,fluence,,,,,,,,,,,,,
411,d,II.,11,t2,,,,fluence,,,,,,,,,,,,,
412,d,II.,12,t2,,,,fluence,,,,,,,,,,,,,
413,d,II.,13,t2,,,,fluence,,,,,,,,,,,,,
414,d,II.,14,t2,,,,fluence,,,,,,,,,,,,,
415,d,II.,15,t2,,,,fluence,,,,,,,,,,,,,
416,d,II.,16,t2,,,,fluence,,,,,,,,,,,,,
417,d,III.,1,t2,,,,illumitex,,,,,,,,,,,,,
418,d,III.,2,t2,,,,illumitex,,,,,,,,,,,,,
419,d,III.,3,t2,,,,illumitex,,,,,,,,,,,,,
420,d,III.,4,t2,,,,illumitex,,,,,,,,,,,,,
421,d,III.,5,t2,,,,illumitex,,,,,,,,,,,,,
422,d,III.,6,t2,,,,illumitex,,,,,,,,,,,,,
423,d,III.,7,t2,4,1,,illumitex,,,,,,,,,,,,,
424,d,III.,8,t2,,,,illumitex,,,,,,,,,,,,,
425,d,III.,9,t2,,,,illumitex,,,,,,,,,,,,,
426,d,III.,10,t2,,,,illumitex,,,,,,,,,,,,,
427,d,III.,11,t2,,,,illumitex,,,,,,,,,,,,,
428,d,III.,12,t2,,,,illumitex,,,,,,,,,,,,,
429,d,III.,13,t2,,,,illumitex,,,,,,,,,,,,,
430,d,III.,14,t2,,,,illumitex,,,,,,,,,,,,,
431,d,III.,15,t2,,,,illumitex,,,,,,,,,,,,,
432,d,III.,16,t2,,,,illumitex,,,,,,,,,,,,,
433,e,I.,1,t2,,,,illumitex,,,,,,,,,,,,,
434,e,I.,2,t2,,,,illumitex,,,,,,,,,,,,,
435,e,I.,3,t2,,,,illumitex,,,,,,,,,,,,,
436,e,I.,4,t2,,,,illumitex,,,,,,,,,,,,,
437,e,I.,5,t2,,,,illumitex,,,,,,,,,,,,,
438,e,I.,6,t2,,,,illumitex,,,,,,,,,,,,,
439,e,I.,7,t2,,,,illumitex,,,,,,,,,,,,,
440,e,I.,8,t2,,,,illumitex,,,,,,,,,,,,,
441,e,I.,9,t2,,,,illumitex,,,,,,,,,,,,,
442,e,I.,10,t2,,,,illumitex,,,,,,,,,,,,,
443,e,I.,11,t2,,,,illumitex,,,,,,,,,,,,,
444,e,I.,12,t2,,,,illumitex,,,,,,,,,,,,,
445,e,I.,13,t2,,,,illumitex,,,,,,,,,,,,,
446,e,I.,14,t2,,,,illumitex,,,,,,,,,,,,,
447,e,I.,15,t2,,,,illumitex,,,,,,,,,,,,,
448,e,I.,16,t2,,,,illumitex,,,,,,,,,,,,,
449,e,II.,1,t2,,,,fluence,,,,,,,,,,,,,
450,e,II.,2,t2,,,,fluence,,,,,,,,,,,,,
451,e,II.,3,t2,,,,fluence,,,,,,,,,,,,,
452,e,II.,4,t2,,,,fluence,,,,,,,,,,,,,
453,e,II.,5,t2,,,,fluence,,,,,,,,,,,,,
454,e,II.,6,t2,,,,fluence,,,,,,,,,,,,,
455,e,II.,7,t2,,,,fluence,,,,,,,,,,,,,
456,e,II.,8,t2,,,,fluence,,,,,,,,,,,,,
457,e,II.,9,t2,,,,fluence,,,,,,,,,,,,,
458,e,II.,10,t2,,,,fluence,,,,,,,,,,,,,
459,e,II.,11,t2,,,,fluence,,,,,,,,,,,,,
460,e,II.,12,t2,,,,fluence,,,,,,,,,,,,,
461,e,II.,13,t2,14,11,,fluence,,,,,,,,,,,,,
462,e,II.,14,t2,,,,fluence,,,,,,,,,,,,,
463,e,II.,15,t2,,,,fluence,,,,,,,,,,,,,
464,e,II.,16,t2,,,,fluence,,,,,,,,,,,,,
465,e,III.,1,t2,,,,illumitex,,,,,,,,,,,,,
466,e,III.,2,t2,,,,illumitex,,,,,,,,,,,,,
467,e,III.,3,t2,,,,illumitex,,,,,,,,,,,,,
468,e,III.,4,t2,,,,illumitex,,,,,,,,,,,,,
469,e,III.,5,t2,,,,illumitex,,,,,,,,,,,,,
470,e,III.,6,t2,,,,illumitex,,,,,,,,,,,,,
471,e,III.,7,t2,,,,illumitex,,,,,,,,,,,,,
472,e,III.,8,t2,,,,illumitex,,,,,,,,,,,,,
473,e,III.,9,t2,,,,illumitex,,,,,,,,,,,,,
474,e,III.,10,t2,9,6,,illumitex,,,,,,,,,,,,,
475,e,III.,11,t2,,,,illumitex,,,,,,,,,,,,,
476,e,III.,12,t2,,,,illumitex,,,,,,,,,,,,,
477,e,III.,13,t2,,,,illumitex,,,,,,,,,,,,,
478,e,III.,14,t2,,,,illumitex,,,,,,,,,,,,,
479,e,III.,15,t2,,,,illumitex,,,,,,,,,,,,,
480,e,III.,16,t2,,,,illumitex,,,,,,,,,,,,,
481,a,I.,1,t3,,,,illumitex,,,,,,,,,,,,,
482,a,I.,2,t3,7,3,,illumitex,,,,,,,,,,,,,
483,a,I.,3,t3,,,,illumitex,,,,,,,,,,,,,
484,a,I.,4,t3,,,,illumitex,,,,,,,,,,,,,
485,a,I.,5,t3,,,,illumitex,,,,,,,,,,,,,
486,a,I.,6,t3,,,,illumitex,,,,,,,,,,,,,
487,a,I.,7,t3,,,,illumitex,,,,,,,,,,,,,
488,a,I.,8,t3,,,,illumitex,,,,,,,,,,,,,
489,a,I.,9,t3,3,1,,illumitex,,,,,,,,,,,,,
490,a,I.,10,t3,,,,illumitex,,,,,,,,,,,,,
491,a,I.,11,t3,,,,illumitex,,,,,,,,,,,,,
492,a,I.,12,t3,6,2,,illumitex,,,,,,,,,,,,,
493,a,I.,13,t3,,,,illumitex,,,,,,,,,,,,,
494,a,I.,14,t3,,,,illumitex,,,,,,,,,,,,,
495,a,I.,15,t3,,,,illumitex,,,,,,,,,,,,,
496,a,I.,16,t3,,,,illumitex,,,,,,,,,,,,,
497,a,II.,1,t3,,,,fluence,,,,,,,,,,,,,
498,a,II.,2,t3,,,,fluence,,,,,,,,,,,,,
499,a,II.,3,t3,,,,fluence,,,,,,,,,,,,,
500,a,II.,4,t3,,,,fluence,,,,,,,,,,,,,
501,a,II.,5,t3,,,,fluence,,,,,,,,,,,,,
502,a,II.,6,t3,,,,fluence,,,,,,,,,,,,,
503,a,II.,7,t3,,,,fluence,,,,,,,,,,,,,
504,a,II.,8,t3,,,,fluence,,,,,,,,,,,,,
505,a,II.,9,t3,,,,fluence,,,,,,,,,,,,,
506,a,II.,10,t3,,,,fluence,,,,,,,,,,,,,
507,a,II.,11,t3,,,,fluence,,,,,,,,,,,,,
508,a,II.,12,t3,,,,fluence,,,,,,,,,,,,,
509,a,II.,13,t3,,,,fluence,,,,,,,,,,,,,
510,a,II.,14,t3,,,,fluence,,,,,,,,,,,,,
511,a,II.,15,t3,,,,fluence,,,,,,,,,,,,,
512,a,II.,16,t3,,,,fluence,,,,,,,,,,,,,
513,a,III.,1,t3,,,,illumitex,,,,,,,,,,,,,
514,a,III.,2,t3,,,,illumitex,,,,,,,,,,,,,
515,a,III.,3,t3,,,,illumitex,,,,,,,,,,,,,
516,a,III.,4,t3,,,,illumitex,,,,,,,,,,,,,
517,a,III.,5,t3,,,,illumitex,,,,,,,,,,,,,
518,a,III.,6,t3,,,,illumitex,,,,,,,,,,,,,
519,a,III.,7,t3,,,,illumitex,,,,,,,,,,,,,
520,a,III.,8,t3,,,,illumitex,,,,,,,,,,,,,
521,a,III.,9,t3,,,,illumitex,,,,,,,,,,,,,
522,a,III.,10,t3,,,,illumitex,,,,,,,,,,,,,
523,a,III.,11,t3,,,,illumitex,,,,,,,,,,,,,
524,a,III.,12,t3,,,,illumitex,,,,,,,,,,,,,
525,a,III.,13,t3,,,,illumitex,,,,,,,,,,,,,
526,a,III.,14,t3,,,,illumitex,,,,,,,,,,,,,
527,a,III.,15,t3,,,,illumitex,,,,,,,,,,,,,
528,a,III.,16,t3,,,,illumitex,,,,,,,,,,,,,
529,b,I.,1,t3,,,,illumitex,,,,,,,,,,,,,
530,b,I.,2,t3,10,,,illumitex,,,,,,,,,,,,,
531,b,I.,3,t3,,,,illumitex,,,,,,,,,,,,,
532,b,I.,4,t3,,,,illumitex,,,,,,,,,,,,,
533,b,I.,5,t3,,,,illumitex,,,,,,,,,,,,,
534,b,I.,6,t3,,,,illumitex,,,,,,,,,,,,,
535,b,I.,7,t3,,,,illumitex,,,,,,,,,,,,,
536,b,I.,8,t3,,,,illumitex,,,,,,,,,,,,,
537,b,I.,9,t3,,,,illumitex,,,,,,,,,,,,,
538,b,I.,10,t3,,,,illumitex,,,,,,,,,,,,,
539,b,I.,11,t3,,,,illumitex,,,,,,,,,,,,,
540,b,I.,12,t3,,,,illumitex,,,,,,,,,,,,,
541,b,I.,13,t3,,,,illumitex,,,,,,,,,,,,,
542,b,I.,14,t3,,,,illumitex,,,,,,,,,,,,,
543,b,I.,15,t3,,,,illumitex,,,,,,,,,,,,,
544,b,I.,16,t3,,,,illumitex,,,,,,,,,,,,,
545,b,II.,1,t3,,,,fluence,,,,,,,,,,,,,
546,b,II.,2,t3,,,,fluence,,,,,,,,,,,,,
547,b,II.,3,t3,,,,fluence,,,,,,,,,,,,,
548,b,II.,4,t3,,,,fluence,,,,,,,,,,,,,
549,b,II.,5,t3,,,,fluence,,,,,,,,,,,,,
550,b,II.,6,t3,,,,fluence,,,,,,,,,,,,,
551,b,II.,7,t3,,,,fluence,,,,,,,,,,,,,
552,b,II.,8,t3,,,,fluence,,,,,,,,,,,,,
553,b,II.,9,t3,,,,fluence,,,,,,,,,,,,,
554,b,II.,10,t3,,,,fluence,,,,,,,,,,,,,
555,b,II.,11,t3,,,,fluence,,,,,,,,,,,,,
556,b,II.,12,t3,9,,,fluence,,,,,,,,,,,,,
557,b,II.,13,t3,,,,fluence,,,,,,,,,,,,,
558,b,II.,14,t3,,,,fluence,,,,,,,,,,,,,
559,b,II.,15,t3,,,,fluence,,,,,,,,,,,,,
560,b,II.,16,t3,,,,fluence,,,,,,,,,,,,,
561,b,III.,1,t3,,,,illumitex,,,,,,,,,,,,,
562,b,III.,2,t3,9,,,illumitex,,,,,,,,,,,,,
563,b,III.,3,t3,,,,illumitex,,,,,,,,,,,,,
564,b,III.,4,t3,,,,illumitex,,,,,,,,,,,,,
565,b,III.,5,t3,,,,illumitex,,,,,,,,,,,,,
566,b,III.,6,t3,,,,illumitex,,,,,,,,,,,,,
567,b,III.,7,t3,,,,illumitex,,,,,,,,,,,,,
568,b,III.,8,t3,,,,illumitex,,,,,,,,,,,,,
569,b,III.,9,t3,,,,illumitex,,,,,,,,,,,,,
570,b,III.,10,t3,,,,illumitex,,,,,,,,,,,,,
571,b,III.,11,t3,,,,illumitex,,,,,,,,,,,,,
572,b,III.,12,t3,,,,illumitex,,,,,,,,,,,,,
573,b,III.,13,t3,,,,illumitex,,,,,,,,,,,,,
574,b,III.,14,t3,,,,illumitex,,,,,,,,,,,,,
575,b,III.,15,t3,8,0.4,,illumitex,,,,,,,,,,,,,
576,b,III.,16,t3,,,,illumitex,,,,,,,,,,,,,
577,c,I.,1,t3,,,,illumitex,,,,,,,,,,,,,
578,c,I.,2,t3,,,,illumitex,,,,,,,,,,,,,
579,c,I.,3,t3,,,,illumitex,,,,,,,,,,,,,
580,c,I.,4,t3,,,,illumitex,,,,,,,,,,,,,
581,c,I.,5,t3,,,,illumitex,,,,,,,,,,,,,
582,c,I.,6,t3,,,,illumitex,,,,,,,,,,,,,
583,c,I.,7,t3,,,,illumitex,,,,,,,,,,,,,
584,c,I.,8,t3,,,,illumitex,,,,,,,,,,,,,
585,c,I.,9,t3,,,,illumitex,,,,,,,,,,,,,
586,c,I.,10,t3,,,,illumitex,,,,,,,,,,,,,
587,c,I.,11,t3,11,3,,illumitex,,,,,,,,,,,,,
588,c,I.,12,t3,4,2,,illumitex,,,,,,,,,,,,,
589,c,I.,13,t3,,,,illumitex,,,,,,,,,,,,,
590,c,I.,14,t3,,,,illumitex,,,,,,,,,,,,,
591,c,I.,15,t3,5,1,,illumitex,,,,,,,,,,,,,
592,c,I.,16,t3,,,,illumitex,,,,,,,,,,,,,
593,c,II.,1,t3,,,,fluence,,,,,,,,,,,,,
594,c,II.,2,t3,,,,fluence,,,,,,,,,,,,,
595,c,II.,3,t3,,,,fluence,,,,,,,,,,,,,
596,c,II.,4,t3,,,,fluence,,,,,,,,,,,,,
597,c,II.,5,t3,,,,fluence,,,,,,,,,,,,,
598,c,II.,6,t3,,,,fluence,,,,,,,,,,,,,
599,c,II.,7,t3,,,,fluence,,,,,,,,,,,,,
600,c,II.,8,t3,,,,fluence,,,,,,,,,,,,,
601,c,II.,9,t3,5,5,,fluence,,,,,,,,,,,,,
602,c,II.,10,t3,,,,fluence,,,,,,,,,,,,,
603,c,II.,11,t3,,,,fluence,,,,,,,,,,,,,
604,c,II.,12,t3,,,,fluence,,,,,,,,,,,,,
605,c,II.,13,t3,,,,fluence,,,,,,,,,,,,,
606,c,II.,14,t3,,,,fluence,,,,,,,,,,,,,
607,c,II.,15,t3,,,,fluence,,,,,,,,,,,,,
608,c,II.,16,t3,,,,fluence,,,,,,,,,,,,,
609,c,III.,1,t3,,,,illumitex,,,,,,,,,,,,,
610,c,III.,2,t3,,,,illumitex,,,,,,,,,,,,,
611,c,III.,3,t3,,,,illumitex,,,,,,,,,,,,,
612,c,III.,4,t3,,,,illumitex,,,,,,,,,,,,,
613,c,III.,5,t3,,,,illumitex,,,,,,,,,,,,,
614,c,III.,6,t3,,,,illumitex,,,,,,,,,,,,,
615,c,III.,7,t3,,,,illumitex,,,,,,,,,,,,,
616,c,III.,8,t3,,,,illumitex,,,,,,,,,,,,,
617,c,III.,9,t3,,,,illumitex,,,,,,,,,,,,,
618,c,III.,10,t3,6,4,,illumitex,,,,,,,,,,,,,
619,c,III.,11,t3,,,,illumitex,,,,,,,,,,,,,
620,c,III.,12,t3,,,,illumitex,,,,,,,,,,,,,
621,c,III.,13,t3,,,,illumitex,,,,,,,,,,,,,
622,c,III.,14,t3,,,,illumitex,,,,,,,,,,,,,
623,c,III.,15,t3,,,,illumitex,,,,,,,,,,,,,
624,c,III.,16,t3,,,,illumitex,,,,,,,,,,,,,
625,d,I.,1,t3,,,,illumitex,,,,,,,,,,,,,
626,d,I.,2,t3,,,,illumitex,,,,,,,,,,,,,
627,d,I.,3,t3,,,,illumitex,,,,,,,,,,,,,
628,d,I.,4,t3,,,,illumitex,,,,,,,,,,,,,
629,d,I.,5,t3,,,,illumitex,,,,,,,,,,,,,
630,d,I.,6,t3,,,,illumitex,,,,,,,,,,,,,
631,d,I.,7,t3,,,,illumitex,,,,,,,,,,,,,
632,d,I.,8,t3,,,,illumitex,,,,,,,,,,,,,
633,d,I.,9,t3,,,,illumitex,,,,,,,,,,,,,
634,d,I.,10,t3,,,,illumitex,,,,,,,,,,,,,
635,d,I.,11,t3,,,,illumitex,,,,,,,,,,,,,
636,d,I.,12,t3,,,,illumitex,,,,,,,,,,,,,
637,d,I.,13,t3,,,,illumitex,,,,,,,,,,,,,
638,d,I.,14,t3,,,,illumitex,,,,,,,,,,,,,
639,d,I.,15,t3,,,,illumitex,,,,,,,,,,,,,
640,d,I.,16,t3,,,,illumitex,,,,,,,,,,,,,
641,d,II.,1,t3,,,,fluence,,,,,,,,,,,,,
642,d,II.,2,t3,,,,fluence,,,,,,,,,,,,,
643,d,II.,3,t3,,,,fluence,,,,,,,,,,,,,
644,d,II.,4,t3,,,,fluence,,,,,,,,,,,,,
645,d,II.,5,t3,,,,fluence,,,,,,,,,,,,,
646,d,II.,6,t3,,,,fluence,,,,,,,,,,,,,
647,d,II.,7,t3,,,,fluence,,,,,,,,,,,,,
648,d,II.,8,t3,,,,fluence,,,,,,,,,,,,,
649,d,II.,9,t3,,,,fluence,,,,,,,,,,,,,
650,d,II.,10,t3,,,,fluence,,,,,,,,,,,,,
651,d,II.,11,t3,,,,fluence,,,,,,,,,,,,,
652,d,II.,12,t3,,,,fluence,,,,,,,,,,,,,
653,d,II.,13,t3,,,,fluence,,,,,,,,,,,,,
654,d,II.,14,t3,9,4,,fluence,,,,,,,,,,,,,
655,d,II.,15,t3,,,,fluence,,,,,,,,,,,,,
656,d,II.,16,t3,,,,fluence,,,,,,,,,,,,,
657,d,III.,1,t3,3,4,,illumitex,,,,,,,,,,,,,
658,d,III.,2,t3,,,,illumitex,,,,,,,,,,,,,
659,d,III.,3,t3,,,,illumitex,,,,,,,,,,,,,
660,d,III.,4,t3,,,,illumitex,,,,,,,,,,,,,
661,d,III.,5,t3,,,,illumitex,,,,,,,,,,,,,
662,d,III.,6,t3,,,,illumitex,,,,,,,,,,,,,
663,d,III.,7,t3,,,,illumitex,,,,,,,,,,,,,
664,d,III.,8,t3,,,,illumitex,,,,,,,,,,,,,
665,d,III.,9,t3,,,,illumitex,,,,,,,,,,,,,
666,d,III.,10,t3,,,,illumitex,,,,,,,,,,,,,
667,d,III.,11,t3,,,,illumitex,,,,,,,,,,,,,
668,d,III.,12,t3,,,,illumitex,,,,,,,,,,,,,
669,d,III.,13,t3,,,,illumitex,,,,,,,,,,,,,
670,d,III.,14,t3,,,,illumitex,,,,,,,,,,,,,
671,d,III.,15,t3,,,,illumitex,,,,,,,,,,,,,
672,d,III.,16,t3,,,,illumitex,,,,,,,,,,,,,
673,e,I.,1,t3,,,,illumitex,,,,,,,,,,,,,
674,e,I.,2,t3,,,,illumitex,,,,,,,,,,,,,
675,e,I.,3,t3,,,,illumitex,,,,,,,,,,,,,
676,e,I.,4,t3,,,,illumitex,,,,,,,,,,,,,
677,e,I.,5,t3,,,,illumitex,,,,,,,,,,,,,
678,e,I.,6,t3,,,,illumitex,,,,,,,,,,,,,
679,e,I.,7,t3,,,,illumitex,,,,,,,,,,,,,
680,e,I.,8,t3,,,,illumitex,,,,,,,,,,,,,
681,e,I.,9,t3,,,,illumitex,,,,,,,,,,,,,
682,e,I.,10,t3,,,,illumitex,,,,,,,,,,,,,
683,e,I.,11,t3,,,,illumitex,,,,,,,,,,,,,
684,e,I.,12,t3,,,,illumitex,,,,,,,,,,,,,
685,e,I.,13,t3,,,,illumitex,,,,,,,,,,,,,
686,e,I.,14,t3,,,,illumitex,,,,,,,,,,,,,
687,e,I.,15,t3,,,,illumitex,,,,,,,,,,,,,
688,e,I.,16,t3,,,,illumitex,,,,,,,,,,,,,
689,e,II.,1,t3,,,,fluence,,,,,,,,,,,,,
690,e,II.,2,t3,,,,fluence,,,,,,,,,,,,,
691,e,II.,3,t3,,,,fluence,,,,,,,,,,,,,
692,e,II.,4,t3,,,,fluence,,,,,,,,,,,,,
693,e,II.,5,t3,7,4,,fluence,,,,,,,,,,,,,
694,e,II.,6,t3,,,,fluence,,,,,,,,,,,,,
695,e,II.,7,t3,,,,fluence,,,,,,,,,,,,,
696,e,II.,8,t3,,,,fluence,,,,,,,,,,,,,
697,e,II.,9,t3,,,,fluence,,,,,,,,,,,,,
698,e,II.,10,t3,,,,fluence,,,,,,,,,,,,,
699,e,II.,11,t3,,,,fluence,,,,,,,,,,,,,
700,e,II.,12,t3,,,,fluence,,,,,,,,,,,,,
701,e,II.,13,t3,,,,fluence,,,,,,,,,,,,,
702,e,II.,14,t3,,,,fluence,,,,,,,,,,,,,
703,e,II.,15,t3,,,,fluence,,,,,,,,,,,,,
704,e,II.,16,t3,,,,fluence,,,,,,,,,,,,,
705,e,III.,1,t3,,,,illumitex,,,,,,,,,,,,,
706,e,III.,2,t3,,,,illumitex,,,,,,,,,,,,,
707,e,III.,3,t3,,,,illumitex,,,,,,,,,,,,,
708,e,III.,4,t3,,,,illumitex,,,,,,,,,,,,,
709,e,III.,5,t3,,,,illumitex,,,,,,,,,,,,,
710,e,III.,6,t3,,,,illumitex,,,,,,,,,,,,,
711,e,III.,7,t3,,,,illumitex,,,,,,,,,,,,,
712,e,III.,8,t3,,,,illumitex,,,,,,,,,,,,,
713,e,III.,9,t3,,,,illumitex,,,,,,,,,,,,,
714,e,III.,10,t3,,,,illumitex,,,,,,,,,,,,,
715,e,III.,11,t3,5,4,,illumitex,,,,,,,,,,,,,
716,e,III.,12,t3,,,,illumitex,,,,,,,,,,,,,
717,e,III.,13,t3,,,,illumitex,,,,,,,,,,,,,
718,e,III.,14,t3,,,,illumitex,,,,,,,,,,,,,
719,e,III.,15,t3,5,4,,illumitex,,,,,,,,,,,,,
720,e,III.,16,t3,,,,illumitex,,,,,,,,,,,,,
721,a,I.,1,t4,,,,illumitex,,,,,,,,,,,,,
722,a,I.,2,t4,,,,illumitex,,,,,,,,,,,,,
723,a,I.,3,t4,,,,illumitex,,,,,,,,,,,,,
724,a,I.,4,t4,,,,illumitex,,,,,,,,,,,,,
725,a,I.,5,t4,5,6,,illumitex,,,,,,,,,,,,,
726,a,I.,6,t4,,,,illumitex,,,,,,,,,,,,,
727,a,I.,7,t4,,,,illumitex,,,,,,,,,,,,,
728,a,I.,8,t4,6,6,,illumitex,,,,,,,,,,,,,
729,a,I.,9,t4,,,,illumitex,,,,,,,,,,,,,
730,a,I.,10,t4,6,3,,illumitex,,,,,,,,,,,,,
731,a,I.,11,t4,,,,illumitex,,,,,,,,,,,,,
732,a,I.,12,t4,3,1,,illumitex,,,,,,,,,,,,,
733,a,I.,13,t4,,,,illumitex,,,,,,,,,,,,,
734,a,I.,14,t4,,,,illumitex,,,,,,,,,,,,,
735,a,I.,15,t4,,,,illumitex,,,,,,,,,,,,,
736,a,I.,16,t4,,,,illumitex,,,,,,,,,,,,,
737,a,II.,1,t4,,,,fluence,,,,,,,,,,,,,
738,a,II.,2,t4,,,,fluence,,,,,,,,,,,,,
739,a,II.,3,t4,,,,fluence,,,,,,,,,,,,,
740,a,II.,4,t4,3,2,,fluence,,,,,,,,,,,,,
741,a,II.,5,t4,,,,fluence,,,,,,,,,,,,,
742,a,II.,6,t4,,,,fluence,,,,,,,,,,,,,
743,a,II.,7,t4,,,,fluence,,,,,,,,,,,,,
744,a,II.,8,t4,,,,fluence,,,,,,,,,,,,,
745,a,II.,9,t4,,,,fluence,,,,,,,,,,,,,
746,a,II.,10,t4,,,,fluence,,,,,,,,,,,,,
747,a,II.,11,t4,,,,fluence,,,,,,,,,,,,,
748,a,II.,12,t4,3,2,,fluence,,,,,,,,,,,,,
749,a,II.,13,t4,,,,fluence,,,,,,,,,,,,,
750,a,II.,14,t4,,,,fluence,,,,,,,,,,,,,
751,a,II.,15,t4,,,,fluence,,,,,,,,,,,,,
752,a,II.,16,t4,,,,fluence,,,,,,,,,,,,,
753,a,III.,1,t4,,,,fluence,,,,,,,,,,,,,
754,a,III.,2,t4,,,,fluence,,,,,,,,,,,,,
755,a,III.,3,t4,,,,fluence,,,,,,,,,,,,,
756,a,III.,4,t4,,,,fluence,,,,,,,,,,,,,
757,a,III.,5,t4,,,,fluence,,,,,,,,,,,,,
758,a,III.,6,t4,,,,fluence,,,,,,,,,,,,,
759,a,III.,7,t4,,,,fluence,,,,,,,,,,,,,
760,a,III.,8,t4,,,,fluence,,,,,,,,,,,,,
761,a,III.,9,t4,,,,fluence,,,,,,,,,,,,,
762,a,III.,10,t4,,,,fluence,,,,,,,,,,,,,
763,a,III.,11,t4,,,,fluence,,,,,,,,,,,,,
764,a,III.,12,t4,,,,fluence,,,,,,,,,,,,,
765,a,III.,13,t4,,,,fluence,,,,,,,,,,,,,
766,a,III.,14,t4,,,,fluence,,,,,,,,,,,,,
767,a,III.,15,t4,5,3,,fluence,,,,,,,,,,,,,
768,a,III.,16,t4,,,,fluence,,,,,,,,,,,,,
769,b,I.,1,t4,,,,illumitex,,,,,,,,,,,,,
770,b,I.,2,t4,,,,illumitex,,,,,,,,,,,,,
771,b,I.,3,t4,,,,illumitex,,,,,,,,,,,,,
772,b,I.,4,t4,,,,illumitex,,,,,,,,,,,,,
773,b,I.,5,t4,,,,illumitex,,,,,,,,,,,,,
774,b,I.,6,t4,,,,illumitex,,,,,,,,,,,,,
775,b,I.,7,t4,,,,illumitex,,,,,,,,,,,,,
776,b,I.,8,t4,,,,illumitex,,,,,,,,,,,,,
777,b,I.,9,t4,,,,illumitex,,,,,,,,,,,,,
778,b,I.,10,t4,,,,illumitex,,,,,,,,,,,,,
779,b,I.,11,t4,,,,illumitex,,,,,,,,,,,,,
780,b,I.,12,t4,,,,illumitex,,,,,,,,,,,,,
781,b,I.,13,t4,,,,illumitex,,,,,,,,,,,,,
782,b,I.,14,t4,,,,illumitex,,,,,,,,,,,,,
783,b,I.,15,t4,,,,illumitex,,,,,,,,,,,,,
784,b,I.,16,t4,,,,illumitex,,,,,,,,,,,,,
785,b,II.,1,t4,,,,fluence,,,,,,,,,,,,,
786,b,II.,2,t4,,,,fluence,,,,,,,,,,,,,
787,b,II.,3,t4,,,,fluence,,,,,,,,,,,,,
788,b,II.,4,t4,,,,fluence,,,,,,,,,,,,,
789,b,II.,5,t4,,,,fluence,,,,,,,,,,,,,
790,b,II.,6,t4,,,,fluence,,,,,,,,,,,,,
791,b,II.,7,t4,,,,fluence,,,,,,,,,,,,,
792,b,II.,8,t4,,,,fluence,,,,,,,,,,,,,
793,b,II.,9,t4,,,,fluence,,,,,,,,,,,,,
794,b,II.,10,t4,,,,fluence,,,,,,,,,,,,,
795,b,II.,11,t4,,,,fluence,,,,,,,,,,,,,
796,b,II.,12,t4,,,,fluence,,,,,,,,,,,,,
797,b,II.,13,t4,,,,fluence,,,,,,,,,,,,,
798,b,II.,14,t4,,,,fluence,,,,,,,,,,,,,
799,b,II.,15,t4,,,,fluence,,,,,,,,,,,,,
800,b,II.,16,t4,,,,fluence,,,,,,,,,,,,,
801,b,III.,1,t4,,,,fluence,,,,,,,,,,,,,
802,b,III.,2,t4,,,,fluence,,,,,,,,,,,,,
803,b,III.,3,t4,,,,fluence,,,,,,,,,,,,,
804,b,III.,4,t4,,,,fluence,,,,,,,,,,,,,
805,b,III.,5,t4,,,,fluence,,,,,,,,,,,,,
806,b,III.,6,t4,,,,fluence,,,,,,,,,,,,,
807,b,III.,7,t4,,,,fluence,,,,,,,,,,,,,
808,b,III.,8,t4,,,,fluence,,,,,,,,,,,,,
809,b,III.,9,t4,,,,fluence,,,,,,,,,,,,,
810,b,III.,10,t4,,,,fluence,,,,,,,,,,,,,
811,b,III.,11,t4,,,,fluence,,,,,,,,,,,,,
812,b,III.,12,t4,,,,fluence,,,,,,,,,,,,,
813,b,III.,13,t4,,,,fluence,,,,,,,,,,,,,
814,b,III.,14,t4,,,,fluence,,,,,,,,,,,,,
815,b,III.,15,t4,,,,fluence,,,,,,,,,,,,,
816,b,III.,16,t4,,,,fluence,,,,,,,,,,,,,
817,c,I.,1,t4,,,,illumitex,,,,,,,,,,,,,
818,c,I.,2,t4,,,,illumitex,,,,,,,,,,,,,
819,c,I.,3,t4,,,,illumitex,,,,,,,,,,,,,
820,c,I.,4,t4,,,,illumitex,,,,,,,,,,,,,
821,c,I.,5,t4,,,,illumitex,,,,,,,,,,,,,
822,c,I.,6,t4,6,5,,illumitex,,,,,,,,,,,,,
823,c,I.,7,t4,,,,illumitex,,,,,,,,,,,,,
824,c,I.,8,t4,,,,illumitex,,,,,,,,,,,,,
825,c,I.,9,t4,,,,illumitex,,,,,,,,,,,,,
826,c,I.,10,t4,,,,illumitex,,,,,,,,,,,,,
827,c,I.,11,t4,7,6,,illumitex,,,,,,,,,,,,,
828,c,I.,12,t4,,,,illumitex,,,,,,,,,,,,,
829,c,I.,13,t4,,,,illumitex,,,,,,,,,,,,,
830,c,I.,14,t4,3,3,,illumitex,,,,,,,,,,,,,
831,c,I.,15,t4,,,,illumitex,,,,,,,,,,,,,
832,c,I.,16,t4,1,2,,illumitex,,,,,,,,,,,,,
833,c,II.,1,t4,,,,fluence,,,,,,,,,,,,,
834,c,II.,2,t4,,,,fluence,,,,,,,,,,,,,
835,c,II.,3,t4,6,6,,fluence,,,,,,,,,,,,,
836,c,II.,4,t4,,,,fluence,,,,,,,,,,,,,
837,c,II.,5,t4,,,,fluence,,,,,,,,,,,,,
838,c,II.,6,t4,,,,fluence,,,,,,,,,,,,,
839,c,II.,7,t4,,,,fluence,,,,,,,,,,,,,
840,c,II.,8,t4,,,,fluence,,,,,,,,,,,,,
841,c,II.,9,t4,,,,fluence,,,,,,,,,,,,,
842,c,II.,10,t4,,,,fluence,,,,,,,,,,,,,
843,c,II.,11,t4,,,,fluence,,,,,,,,,,,,,
844,c,II.,12,t4,,,,fluence,,,,,,,,,,,,,
845,c,II.,13,t4,,,,fluence,,,,,,,,,,,,,
846,c,II.,14,t4,,,,fluence,,,,,,,,,,,,,
847,c,II.,15,t4,,,,fluence,,,,,,,,,,,,,
848,c,II.,16,t4,,,,fluence,,,,,,,,,,,,,
849,c,III.,1,t4,,,,fluence,,,,,,,,,,,,,
850,c,III.,2,t4,,,,fluence,,,,,,,,,,,,,
851,c,III.,3,t4,,,,fluence,,,,,,,,,,,,,
852,c,III.,4,t4,,,,fluence,,,,,,,,,,,,,
853,c,III.,5,t4,,,,fluence,,,,,,,,,,,,,
854,c,III.,6,t4,,,,fluence,,,,,,,,,,,,,
855,c,III.,7,t4,,,,fluence,,,,,,,,,,,,,
856,c,III.,8,t4,,,,fluence,,,,,,,,,,,,,
857,c,III.,9,t4,6,5,,fluence,,,,,,,,,,,,,
858,c,III.,10,t4,,,,fluence,,,,,,,,,,,,,
859,c,III.,11,t4,,,,fluence,,,,,,,,,,,,,
860,c,III.,12,t4,,,,fluence,,,,,,,,,,,,,
861,c,III.,13,t4,,,,fluence,,,,,,,,,,,,,
862,c,III.,14,t4,,,,fluence,,,,,,,,,,,,,
863,c,III.,15,t4,,,,fluence,,,,,,,,,,,,,
864,c,III.,16,t4,,,,fluence,,,,,,,,,,,,,
865,d,I.,1,t4,,,,illumitex,,,,,,,,,,,,,
866,d,I.,2,t4,,,,illumitex,,,,,,,,,,,,,
867,d,I.,3,t4,,,,illumitex,,,,,,,,,,,,,
868,d,I.,4,t4,,,,illumitex,,,,,,,,,,,,,
869,d,I.,5,t4,,,,illumitex,,,,,,,,,,,,,
870,d,I.,6,t4,,,,illumitex,,,,,,,,,,,,,
871,d,I.,7,t4,,,,illumitex,,,,,,,,,,,,,
872,d,I.,8,t4,,,,illumitex,,,,,,,,,,,,,
873,d,I.,9,t4,,,,illumitex,,,,,,,,,,,,,
874,d,I.,10,t4,,,,illumitex,,,,,,,,,,,,,
875,d,I.,11,t4,,,,illumitex,,,,,,,,,,,,,
876,d,I.,12,t4,,,,illumitex,,,,,,,,,,,,,
877,d,I.,13,t4,8,8,,illumitex,,,,,,,,,,,,,
878,d,I.,14,t4,,,,illumitex,,,,,,,,,,,,,
879,d,I.,15,t4,,,,illumitex,,,,,,,,,,,,,
880,d,I.,16,t4,,,,illumitex,,,,,,,,,,,,,
881,d,II.,1,t4,,,,fluence,,,,,,,,,,,,,
882,d,II.,2,t4,,,,fluence,,,,,,,,,,,,,
883,d,II.,3,t4,,,,fluence,,,,,,,,,,,,,
884,d,II.,4,t4,,,,fluence,,,,,,,,,,,,,
885,d,II.,5,t4,,,,fluence,,,,,,,,,,,,,
886,d,II.,6,t4,,,,fluence,,,,,,,,,,,,,
887,d,II.,7,t4,,,,fluence,,,,,,,,,,,,,
888,d,II.,8,t4,,,,fluence,,,,,,,,,,,,,
889,d,II.,9,t4,,,,fluence,,,,,,,,,,,,,
890,d,II.,10,t4,,,,fluence,,,,,,,,,,,,,
891,d,II.,11,t4,,,,fluence,,,,,,,,,,,,,
892,d,II.,12,t4,,,,fluence,,,,,,,,,,,,,
893,d,II.,13,t4,,,,fluence,,,,,,,,,,,,,
894,d,II.,14,t4,,,,fluence,,,,,,,,,,,,,
895,d,II.,15,t4,,,,fluence,,,,,,,,,,,,,
896,d,II.,16,t4,,,,fluence,,,,,,,,,,,,,
897,d,III.,1,t4,,,,fluence,,,,,,,,,,,,,
898,d,III.,2,t4,,,,fluence,,,,,,,,,,,,,
899,d,III.,3,t4,12,12,,fluence,,,,,,,,,,,,,
900,d,III.,4,t4,,,,fluence,,,,,,,,,,,,,
901,d,III.,5,t4,,,,fluence,,,,,,,,,,,,,
902,d,III.,6,t4,10,11,,fluence,,,,,,,,,,,,,
903,d,III.,7,t4,,,,fluence,,,,,,,,,,,,,
904,d,III.,8,t4,,,,fluence,,,,,,,,,,,,,
905,d,III.,9,t4,,,,fluence,,,,,,,,,,,,,
906,d,III.,10,t4,,,,fluence,,,,,,,,,,,,,
907,d,III.,11,t4,,,,fluence,,,,,,,,,,,,,
908,d,III.,12,t4,,,,fluence,,,,,,,,,,,,,
909,d,III.,13,t4,,,,fluence,,,,,,,,,,,,,
910,d,III.,14,t4,,,,fluence,,,,,,,,,,,,,
911,d,III.,15,t4,,,,fluence,,,,,,,,,,,,,
912,d,III.,16,t4,,,,fluence,,,,,,,,,,,,,
913,e,I.,1,t4,,,,illumitex,,,,,,,,,,,,,
914,e,I.,2,t4,,,,illumitex,,,,,,,,,,,,,
915,e,I.,3,t4,,,,illumitex,,,,,,,,,,,,,
916,e,I.,4,t4,,,,illumitex,,,,,,,,,,,,,
917,e,I.,5,t4,,,,illumitex,,,,,,,,,,,,,
918,e,I.,6,t4,,,,illumitex,,,,,,,,,,,,,
919,e,I.,7,t4,,,,illumitex,,,,,,,,,,,,,
920,e,I.,8,t4,,,,illumitex,,,,,,,,,,,,,
921,e,I.,9,t4,11,15,,illumitex,,,,,,,,,,,,,
922,e,I.,10,t4,,,,illumitex,,,,,,,,,,,,,
923,e,I.,11,t4,,,,illumitex,,,,,,,,,,,,,
924,e,I.,12,t4,,,,illumitex,,,,,,,,,,,,,
925,e,I.,13,t4,,,,illumitex,,,,,,,,,,,,,
926,e,I.,14,t4,,,,illumitex,,,,,,,,,,,,,
927,e,I.,15,t4,,,,illumitex,,,,,,,,,,,,,
928,e,I.,16,t4,,,,illumitex,,,,,,,,,,,,,
929,e,II.,1,t4,,,,fluence,,,,,,,,,,,,,
930,e,II.,2,t4,6,4,,fluence,,,,,,,,,,,,,
931,e,II.,3,t4,,,,fluence,,,,,,,,,,,,,
932,e,II.,4,t4,,,,fluence,,,,,,,,,,,,,
933,e,II.,5,t4,,,,fluence,,,,,,,,,,,,,
934,e,II.,6,t4,,,,fluence,,,,,,,,,,,,,
935,e,II.,7,t4,,,,fluence,,,,,,,,,,,,,
936,e,II.,8,t4,,,,fluence,,,,,,,,,,,,,
937,e,II.,9,t4,,,,fluence,,,,,,,,,,,,,
938,e,II.,10,t4,,,,fluence,,,,,,,,,,,,,
939,e,II.,11,t4,,,,fluence,,,,,,,,,,,,,
940,e,II.,12,t4,2,1,,fluence,,,,,,,,,,,,,
941,e,II.,13,t4,,,,fluence,,,,,,,,,,,,,
942,e,II.,14,t4,,,,fluence,,,,,,,,,,,,,
943,e,II.,15,t4,,,,fluence,,,,,,,,,,,,,
944,e,II.,16,t4,,,,fluence,,,,,,,,,,,,,
945,e,III.,1,t4,2,1,,fluence,,,,,,,,,,,,,
946,e,III.,2,t4,,,,fluence,,,,,,,,,,,,,
947,e,III.,3,t4,2,1,,fluence,,,,,,,,,,,,,
948,e,III.,4,t4,,,,fluence,,,,,,,,,,,,,
949,e,III.,5,t4,4,8,,fluence,,,,,,,,,,,,,
950,e,III.,6,t4,,,,fluence,,,,,,,,,,,,,
951,e,III.,7,t4,,,,fluence,,,,,,,,,,,,,
952,e,III.,8,t4,,,,fluence,,,,,,,,,,,,,
953,e,III.,9,t4,,,,fluence,,,,,,,,,,,,,
954,e,III.,10,t4,,,,fluence,,,,,,,,,,,,,
955,e,III.,11,t4,,,,fluence,,,,,,,,,,,,,
956,e,III.,12,t4,,,,fluence,,,,,,,,,,,,,
957,e,III.,13,t4,,,,fluence,,,,,,,,,,,,,
958,e,III.,14,t4,,,,fluence,,,,,,,,,,,,,
959,e,III.,15,t4,,,,fluence,,,,,,,,,,,,,
960,e,III.,16,t4,,,,fluence,,,,,,,,,,,,,
961,a,I.,1,t5,,,,fluence,,,,,,,,,,,,,
962,a,I.,2,t5,,,,fluence,,,,,,,,,,,,,
963,a,I.,3,t5,4,4,,fluence,,,,,,,,,,,,,
964,a,I.,4,t5,,,,fluence,,,,,,,,,,,,,
965,a,I.,5,t5,,,,fluence,,,,,,,,,,,,,
966,a,I.,6,t5,,,,fluence,,,,,,,,,,,,,
967,a,I.,7,t5,2,1,,fluence,,,,,,,,,,,,,
968,a,I.,8,t5,,,,fluence,,,,,,,,,,,,,
969,a,I.,9,t5,,,,fluence,,,,,,,,,,,,,
970,a,I.,10,t5,,,,fluence,,,,,,,,,,,,,
971,a,I.,11,t5,,,,fluence,,,,,,,,,,,,,
972,a,I.,12,t5,,,,fluence,,,,,,,,,,,,,
973,a,I.,13,t5,,,,fluence,,,,,,,,,,,,,
974,a,I.,14,t5,,,,fluence,,,,,,,,,,,,,
975,a,I.,15,t5,3,1,,fluence,,,,,,,,,,,,,
976,a,I.,16,t5,,,,fluence,,,,,,,,,,,,,
977,a,II.,1,t5,,,,fluence,,,,,,,,,,,,,
978,a,II.,2,t5,,,,fluence,,,,,,,,,,,,,
979,a,II.,3,t5,,,,fluence,,,,,,,,,,,,,
980,a,II.,4,t5,,,,fluence,,,,,,,,,,,,,
981,a,II.,5,t5,,,,fluence,,,,,,,,,,,,,
982,a,II.,6,t5,3,2,,fluence,,,,,,,,,,,,,
983,a,II.,7,t5,,,,fluence,,,,,,,,,,,,,
984,a,II.,8,t5,,,,fluence,,,,,,,,,,,,,
985,a,II.,9,t5,,,,fluence,,,,,,,,,,,,,
986,a,II.,10,t5,,,,fluence,,,,,,,,,,,,,
987,a,II.,11,t5,,,,fluence,,,,,,,,,,,,,
988,a,II.,12,t5,,,,fluence,,,,,,,,,,,,,
989,a,II.,13,t5,,,,fluence,,,,,,,,,,,,,
990,a,II.,14,t5,13,10,,fluence,,,,,,,,,,,,,
991,a,II.,15,t5,,,,fluence,,,,,,,,,,,,,
992,a,II.,16,t5,,,,fluence,,,,,,,,,,,,,
993,a,III.,1,t5,,,,illumitex,,,,,,,,,,,,,
994,a,III.,2,t5,,,,illumitex,,,,,,,,,,,,,
995,a,III.,3,t5,,,,illumitex,,,,,,,,,,,,,
996,a,III.,4,t5,,,,illumitex,,,,,,,,,,,,,
997,a,III.,5,t5,,,,illumitex,,,,,,,,,,,,,
998,a,III.,6,t5,4,3,,illumitex,,,,,,,,,,,,,
999,a,III.,7,t5,,,,illumitex,,,,,,,,,,,,,
1000,a,III.,8,t5,8,6,,illumitex,,,,,,,,,,,,,
1001,a,III.,9,t5,,,,illumitex,,,,,,,,,,,,,
1002,a,III.,10,t5,8,4,,illumitex,,,,,,,,,,,,,
1003,a,III.,11,t5,,,,illumitex,,,,,,,,,,,,,
1004,a,III.,12,t5,,,,illumitex,,,,,,,,,,,,,
1005,a,III.,13,t5,,,,illumitex,,,,,,,,,,,,,
1006,a,III.,14,t5,,,,illumitex,,,,,,,,,,,,,
1007,a,III.,15,t5,,,,illumitex,,,,,,,,,,,,,
1008,a,III.,16,t5,,,,illumitex,,,,,,,,,,,,,
1009,b,I.,1,t5,,,,fluence,,,,,,,,,,,,,
1010,b,I.,2,t5,,,,fluence,,,,,,,,,,,,,
1011,b,I.,3,t5,,,,fluence,,,,,,,,,,,,,
1012,b,I.,4,t5,,,,fluence,,,,,,,,,,,,,
1013,b,I.,5,t5,,,,fluence,,,,,,,,,,,,,
1014,b,I.,6,t5,,,,fluence,,,,,,,,,,,,,
1015,b,I.,7,t5,,,,fluence,,,,,,,,,,,,,
1016,b,I.,8,t5,,,,fluence,,,,,,,,,,,,,
1017,b,I.,9,t5,,,,fluence,,,,,,,,,,,,,
1018,b,I.,10,t5,,,,fluence,,,,,,,,,,,,,
1019,b,I.,11,t5,,,,fluence,,,,,,,,,,,,,
1020,b,I.,12,t5,,,,fluence,,,,,,,,,,,,,
1021,b,I.,13,t5,,,,fluence,,,,,,,,,,,,,
1022,b,I.,14,t5,,,,fluence,,,,,,,,,,,,,
1023,b,I.,15,t5,,,,fluence,,,,,,,,,,,,,
1024,b,I.,16,t5,,,,fluence,,,,,,,,,,,,,
1025,b,II.,1,t5,,,,fluence,,,,,,,,,,,,,
1026,b,II.,2,t5,,,,fluence,,,,,,,,,,,,,
1027,b,II.,3,t5,,,,fluence,,,,,,,,,,,,,
1028,b,II.,4,t5,,,,fluence,,,,,,,,,,,,,
1029,b,II.,5,t5,,,,fluence,,,,,,,,,,,,,
1030,b,II.,6,t5,,,,fluence,,,,,,,,,,,,,
1031,b,II.,7,t5,,,,fluence,,,,,,,,,,,,,
1032,b,II.,8,t5,,,,fluence,,,,,,,,,,,,,
1033,b,II.,9,t5,,,,fluence,,,,,,,,,,,,,
1034,b,II.,10,t5,,,,fluence,,,,,,,,,,,,,
1035,b,II.,11,t5,,,,fluence,,,,,,,,,,,,,
1036,b,II.,12,t5,,,,fluence,,,,,,,,,,,,,
1037,b,II.,13,t5,,,,fluence,,,,,,,,,,,,,
1038,b,II.,14,t5,,,,fluence,,,,,,,,,,,,,
1039,b,II.,15,t5,,,,fluence,,,,,,,,,,,,,
1040,b,II.,16,t5,,,,fluence,,,,,,,,,,,,,
1041,b,III.,1,t5,,,,illumitex,,,,,,,,,,,,,
1042,b,III.,2,t5,,,,illumitex,,,,,,,,,,,,,
1043,b,III.,3,t5,,,,illumitex,,,,,,,,,,,,,
1044,b,III.,4,t5,,,,illumitex,,,,,,,,,,,,,
1045,b,III.,5,t5,,,,illumitex,,,,,,,,,,,,,
1046,b,III.,6,t5,,,,illumitex,,,,,,,,,,,,,
1047,b,III.,7,t5,,,,illumitex,,,,,,,,,,,,,
1048,b,III.,8,t5,,,,illumitex,,,,,,,,,,,,,
1049,b,III.,9,t5,,,,illumitex,,,,,,,,,,,,,
1050,b,III.,10,t5,,,,illumitex,,,,,,,,,,,,,
1051,b,III.,11,t5,,,,illumitex,,,,,,,,,,,,,
1052,b,III.,12,t5,,,,illumitex,,,,,,,,,,,,,
1053,b,III.,13,t5,,,,illumitex,,,,,,,,,,,,,
1054,b,III.,14,t5,,,,illumitex,,,,,,,,,,,,,
1055,b,III.,15,t5,,,,illumitex,,,,,,,,,,,,,
1056,b,III.,16,t5,,,,illumitex,,,,,,,,,,,,,
1057,c,I.,1,t5,,,,fluence,,,,,,,,,,,,,
1058,c,I.,2,t5,7,5,,fluence,,,,,,,,,,,,,
1059,c,I.,3,t5,3,1,,fluence,,,,,,,,,,,,,
1060,c,I.,4,t5,,,,fluence,,,,,,,,,,,,,
1061,c,I.,5,t5,,,,fluence,,,,,,,,,,,,,
1062,c,I.,6,t5,,,,fluence,,,,,,,,,,,,,
1063,c,I.,7,t5,,,,fluence,,,,,,,,,,,,,
1064,c,I.,8,t5,,,,fluence,,,,,,,,,,,,,
1065,c,I.,9,t5,,,,fluence,,,,,,,,,,,,,
1066,c,I.,10,t5,,,,fluence,,,,,,,,,,,,,
1067,c,I.,11,t5,,,,fluence,,,,,,,,,,,,,
1068,c,I.,12,t5,,,,fluence,,,,,,,,,,,,,
1069,c,I.,13,t5,,,,fluence,,,,,,,,,,,,,
1070,c,I.,14,t5,,,,fluence,,,,,,,,,,,,,
1071,c,I.,15,t5,,,,fluence,,,,,,,,,,,,,
1072,c,I.,16,t5,4,8,,fluence,,,,,,,,,,,,,
1073,c,II.,1,t5,4,4,,fluence,,,,,,,,,,,,,
1074,c,II.,2,t5,,,,fluence,,,,,,,,,,,,,
1075,c,II.,3,t5,,,,fluence,,,,,,,,,,,,,
1076,c,II.,4,t5,,,,fluence,,,,,,,,,,,,,
1077,c,II.,5,t5,,,,fluence,,,,,,,,,,,,,
1078,c,II.,6,t5,1,4,,fluence,,,,,,,,,,,,,
1079,c,II.,7,t5,,,,fluence,,,,,,,,,,,,,
1080,c,II.,8,t5,,,,fluence,,,,,,,,,,,,,
1081,c,II.,9,t5,,,,fluence,,,,,,,,,,,,,
1082,c,II.,10,t5,,,,fluence,,,,,,,,,,,,,
1083,c,II.,11,t5,,,,fluence,,,,,,,,,,,,,
1084,c,II.,12,t5,,,,fluence,,,,,,,,,,,,,
1085,c,II.,13,t5,,,,fluence,,,,,,,,,,,,,
1086,c,II.,14,t5,,,,fluence,,,,,,,,,,,,,
1087,c,II.,15,t5,,,,fluence,,,,,,,,,,,,,
1088,c,II.,16,t5,,,,fluence,,,,,,,,,,,,,
1089,c,III.,1,t5,,,,illumitex,,,,,,,,,,,,,
1090,c,III.,2,t5,,,,illumitex,,,,,,,,,,,,,
1091,c,III.,3,t5,,,,illumitex,,,,,,,,,,,,,
1092,c,III.,4,t5,,,,illumitex,,,,,,,,,,,,,
1093,c,III.,5,t5,,,,illumitex,,,,,,,,,,,,,
1094,c,III.,6,t5,,,,illumitex,,,,,,,,,,,,,
1095,c,III.,7,t5,,,,illumitex,,,,,,,,,,,,,
1096,c,III.,8,t5,,,,illumitex,,,,,,,,,,,,,
1097,c,III.,9,t5,,,,illumitex,,,,,,,,,,,,,
1098,c,III.,10,t5,,,,illumitex,,,,,,,,,,,,,
1099,c,III.,11,t5,,,,illumitex,,,,,,,,,,,,,
1100,c,III.,12,t5,,,,illumitex,,,,,,,,,,,,,
1101,c,III.,13,t5,,,,illumitex,,,,,,,,,,,,,
1102,c,III.,14,t5,,,,illumitex,,,,,,,,,,,,,
1103,c,III.,15,t5,,,,illumitex,,,,,,,,,,,,,
1104,c,III.,16,t5,,,,illumitex,,,,,,,,,,,,,
1105,d,I.,1,t5,,,,fluence,,,,,,,,,,,,,
1106,d,I.,2,t5,,,,fluence,,,,,,,,,,,,,
1107,d,I.,3,t5,,,,fluence,,,,,,,,,,,,,
1108,d,I.,4,t5,,,,fluence,,,,,,,,,,,,,
1109,d,I.,5,t5,,,,fluence,,,,,,,,,,,,,
1110,d,I.,6,t5,1,1,,fluence,,,,,,,,,,,,,
1111,d,I.,7,t5,,,,fluence,,,,,,,,,,,,,
1112,d,I.,8,t5,,,,fluence,,,,,,,,,,,,,
1113,d,I.,9,t5,,,,fluence,,,,,,,,,,,,,
1114,d,I.,10,t5,,,,fluence,,,,,,,,,,,,,
1115,d,I.,11,t5,,,,fluence,,,,,,,,,,,,,
1116,d,I.,12,t5,,,,fluence,,,,,,,,,,,,,
1117,d,I.,13,t5,,,,fluence,,,,,,,,,,,,,
1118,d,I.,14,t5,,,,fluence,,,,,,,,,,,,,
1119,d,I.,15,t5,,,,fluence,,,,,,,,,,,,,
1120,d,I.,16,t5,,,,fluence,,,,,,,,,,,,,
1121,d,II.,1,t5,,,,fluence,,,,,,,,,,,,,
1122,d,II.,2,t5,,,,fluence,,,,,,,,,,,,,
1123,d,II.,3,t5,,,,fluence,,,,,,,,,,,,,
1124,d,II.,4,t5,,,,fluence,,,,,,,,,,,,,
1125,d,II.,5,t5,,,,fluence,,,,,,,,,,,,,
1126,d,II.,6,t5,,,,fluence,,,,,,,,,,,,,
1127,d,II.,7,t5,,,,fluence,,,,,,,,,,,,,
1128,d,II.,8,t5,,,,fluence,,,,,,,,,,,,,
1129,d,II.,9,t5,,,,fluence,,,,,,,,,,,,,
1130,d,II.,10,t5,,,,fluence,,,,,,,,,,,,,
1131,d,II.,11,t5,,,,fluence,,,,,,,,,,,,,
1132,d,II.,12,t5,,,,fluence,,,,,,,,,,,,,
1133,d,II.,13,t5,,,,fluence,,,,,,,,,,,,,
1134,d,II.,14,t5,,,,fluence,,,,,,,,,,,,,
1135,d,II.,15,t5,,,,fluence,,,,,,,,,,,,,
1136,d,II.,16,t5,,,,fluence,,,,,,,,,,,,,
1137,d,III.,1,t5,,,,illumitex,,,,,,,,,,,,,
1138,d,III.,2,t5,,,,illumitex,,,,,,,,,,,,,
1139,d,III.,3,t5,4,8,,illumitex,,,,,,,,,,,,,
1140,d,III.,4,t5,,,,illumitex,,,,,,,,,,,,,
1141,d,III.,5,t5,,,,illumitex,,,,,,,,,,,,,
1142,d,III.,6,t5,3,4,,illumitex,,,,,,,,,,,,,
1143,d,III.,7,t5,,,,illumitex,,,,,,,,,,,,,
1144,d,III.,8,t5,,,,illumitex,,,,,,,,,,,,,
1145,d,III.,9,t5,,,,illumitex,,,,,,,,,,,,,
1146,d,III.,10,t5,,,,illumitex,,,,,,,,,,,,,
1147,d,III.,11,t5,,,,illumitex,,,,,,,,,,,,,
1148,d,III.,12,t5,,,,illumitex,,,,,,,,,,,,,
1149,d,III.,13,t5,,,,illumitex,,,,,,,,,,,,,
1150,d,III.,14,t5,,,,illumitex,,,,,,,,,,,,,
1151,d,III.,15,t5,,,,illumitex,,,,,,,,,,,,,
1152,d,III.,16,t5,,,,illumitex,,,,,,,,,,,,,
1153,e,I.,1,t5,,,,fluence,,,,,,,,,,,,,
1154,e,I.,2,t5,,,,fluence,,,,,,,,,,,,,
1155,e,I.,3,t5,,,,fluence,,,,,,,,,,,,,
1156,e,I.,4,t5,,,,fluence,,,,,,,,,,,,,
1157,e,I.,5,t5,,,,fluence,,,,,,,,,,,,,
1158,e,I.,6,t5,,,,fluence,,,,,,,,,,,,,
1159,e,I.,7,t5,,,,fluence,,,,,,,,,,,,,
1160,e,I.,8,t5,,,,fluence,,,,,,,,,,,,,
1161,e,I.,9,t5,,,,fluence,,,,,,,,,,,,,
1162,e,I.,10,t5,,,,fluence,,,,,,,,,,,,,
1163,e,I.,11,t5,,,,fluence,,,,,,,,,,,,,
1164,e,I.,12,t5,,,,fluence,,,,,,,,,,,,,
1165,e,I.,13,t5,,,,fluence,,,,,,,,,,,,,
1166,e,I.,14,t5,,,,fluence,,,,,,,,,,,,,
1167,e,I.,15,t5,,,,fluence,,,,,,,,,,,,,
1168,e,I.,16,t5,,,,fluence,,,,,,,,,,,,,
1169,e,II.,1,t5,,,,fluence,,,,,,,,,,,,,
1170,e,II.,2,t5,,,,fluence,,,,,,,,,,,,,
1171,e,II.,3,t5,,,,fluence,,,,,,,,,,,,,
1172,e,II.,4,t5,,,,fluence,,,,,,,,,,,,,
1173,e,II.,5,t5,,,,fluence,,,,,,,,,,,,,
1174,e,II.,6,t5,,,,fluence,,,,,,,,,,,,,
1175,e,II.,7,t5,,,,fluence,,,,,,,,,,,,,
1176,e,II.,8,t5,,,,fluence,,,,,,,,,,,,,
1177,e,II.,9,t5,,,,fluence,,,,,,,,,,,,,
1178,e,II.,10,t5,,,,fluence,,,,,,,,,,,,,
1179,e,II.,11,t5,,,,fluence,,,,,,,,,,,,,
1180,e,II.,12,t5,,,,fluence,,,,,,,,,,,,,
1181,e,II.,13,t5,,,,fluence,,,,,,,,,,,,,
1182,e,II.,14,t5,,,,fluence,,,,,,,,,,,,,
1183,e,II.,15,t5,,,,fluence,,,,,,,,,,,,,
1184,e,II.,16,t5,,,,fluence,,,,,,,,,,,,,
1185,e,III.,1,t5,,,,illumitex,,,,,,,,,,,,,
1186,e,III.,2,t5,,,,illumitex,,,,,,,,,,,,,
1187,e,III.,3,t5,,,,illumitex,,,,,,,,,,,,,
1188,e,III.,4,t5,,,,illumitex,,,,,,,,,,,,,
1189,e,III.,5,t5,,,,illumitex,,,,,,,,,,,,,
1190,e,III.,6,t5,,,,illumitex,,,,,,,,,,,,,
1191,e,III.,7,t5,,,,illumitex,,,,,,,,,,,,,
1192,e,III.,8,t5,,,,illumitex,,,,,,,,,,,,,
1193,e,III.,9,t5,,,,illumitex,,,,,,,,,,,,,
1194,e,III.,10,t5,,,,illumitex,,,,,,,,,,,,,
1195,e,III.,11,t5,,,,illumitex,,,,,,,,,,,,,
1196,e,III.,12,t5,3,4,,illumitex,,,,,,,,,,,,,
1197,e,III.,13,t5,,,,illumitex,,,,,,,,,,,,,
1198,e,III.,14,t5,,,,illumitex,,,,,,,,,,,,,
1199,e,III.,15,t5,,,,illumitex,,,,,,,,,,,,,
1200,e,III.,16,t5,,,,illumitex,,,,,,,,,,,,,
